,date,customer_id,item_id,quantity,selling_price,other_discount,coupon_discount,brand,brand_type,category
0,2012-02-21,1,4953,1,142.12,0.0,0.0,1061,Established,Grocery
1,2012-02-21,1,5626,1,106.5,0.0,0.0,278,Established,Grocery
2,2012-02-21,1,7808,1,99.38,-42.74,0.0,56,Local,Grocery
3,2012-02-21,1,8107,1,256.11,-46.31,0.0,914,Established,Grocery
4,2012-02-21,1,8307,1,89.05,-17.45,0.0,141,Established,Grocery
5,2012-02-21,1,14054,1,53.07,0.0,0.0,360,Established,Grocery
6,2012-02-21,1,17047,2,106.5,-106.5,0.0,1898,Established,Packaged Meat
7,2012-02-21,1,17559,1,49.51,-17.81,0.0,278,Established,Grocery
8,2012-02-21,1,18807,1,56.64,0.0,0.0,743,Established,Grocery
9,2012-02-21,1,20811,1,35.62,-17.45,0.0,56,Local,Grocery
10,2012-02-21,1,22147,1,89.05,-17.45,0.0,989,Established,Packaged Meat
11,2012-02-21,1,23744,1,28.14,0.0,0.0,946,Established,Grocery
12,2012-02-21,1,25583,1,78.01,0.0,0.0,2165,Established,Grocery
13,2012-02-21,1,27557,1,38.83,0.0,0.0,1124,Established,Grocery
14,2012-02-21,1,28801,1,53.07,0.0,0.0,360,Established,Grocery
15,2012-02-21,1,28816,1,142.12,0.0,0.0,154,Established,Bakery
16,2012-02-21,1,28939,1,66.97,-11.04,0.0,56,Local,Grocery
17,2012-02-21,1,28969,2,106.86,-63.4,0.0,1000,Established,Grocery
18,2012-02-21,1,30775,2,77.65,0.0,0.0,248,Established,Grocery
19,2012-02-21,1,36521,1,89.05,-35.26,0.0,2020,Established,Packaged Meat
20,2012-02-21,1,45074,1,95.82,0.0,0.0,408,Established,Grocery
21,2012-02-21,1,45986,1,102.94,-28.5,0.0,1075,Established,Grocery
22,2012-02-21,1,51608,2,213.72,-113.27,0.0,56,Local,Grocery
23,2012-02-21,1,51762,1,53.43,-10.33,0.0,1981,Established,Pharmaceutical
24,2012-02-21,1,52016,1,53.43,-10.33,0.0,1981,Established,Pharmaceutical
25,2012-02-21,1,52180,1,142.12,0.0,0.0,468,Established,Bakery
26,2012-02-21,1,53418,1,177.74,0.0,-35.62,984,Established,Packaged Meat
27,2012-03-08,1,7875,2,114.7,-12.82,0.0,1981,Established,Pharmaceutical
28,2012-03-08,1,8307,1,106.5,0.0,0.0,141,Established,Grocery
29,2012-03-08,1,26238,1,391.46,0.0,0.0,4279,Established,Pharmaceutical
30,2012-03-08,1,28276,1,70.88,0.0,0.0,303,Established,Pharmaceutical
31,2012-03-08,1,28876,2,188.07,0.0,0.0,97,Established,Pharmaceutical
32,2012-03-08,1,50127,1,124.31,0.0,0.0,5403,Established,Grocery
33,2012-03-08,1,51608,1,106.86,-56.64,0.0,56,Local,Grocery
34,2012-03-08,1,53524,2,178.1,-148.89,0.0,89,Established,Grocery
35,2012-03-08,1,56179,1,83.35,-48.09,0.0,1075,Established,Grocery
36,2012-03-08,1,57921,1,66.97,-39.54,0.0,487,Established,Grocery
37,2012-03-29,1,6647,1,44.52,0.0,0.0,56,Local,Grocery
38,2012-03-29,1,22147,1,89.05,-17.45,0.0,989,Established,Packaged Meat
39,2012-03-29,1,22637,1,167.06,0.0,0.0,1101,Established,Grocery
40,2012-03-29,1,30818,1,35.26,-17.81,0.0,946,Established,Grocery
41,2012-03-29,1,32201,1,124.31,0.0,0.0,56,Local,Prepared Food
42,2012-03-29,1,36924,1,53.43,-3.21,0.0,56,Local,Grocery
43,2012-03-29,1,57837,1,59.49,-47.02,0.0,487,Established,Grocery
44,2012-03-29,1,57921,2,118.61,-94.39,0.0,487,Established,Grocery
45,2012-04-04,1,5626,1,106.5,0.0,0.0,278,Established,Grocery
46,2012-04-04,1,7130,2,71.24,-20.66,0.0,946,Established,Grocery
47,2012-04-04,1,7875,2,114.7,-12.82,0.0,1981,Established,Pharmaceutical
48,2012-04-04,1,8307,1,106.5,0.0,0.0,141,Established,Grocery
49,2012-04-04,1,8372,1,117.19,0.0,0.0,1620,Established,Grocery
50,2012-04-04,1,10327,1,163.5,0.0,0.0,686,Established,Grocery
51,2012-04-04,1,10534,1,89.05,-10.33,0.0,49,Established,Grocery
52,2012-04-04,1,13295,1,45.95,-7.12,-17.81,986,Established,Grocery
53,2012-04-04,1,16234,1,70.88,0.0,0.0,141,Established,Grocery
54,2012-04-04,1,16298,1,142.12,0.0,0.0,686,Established,Grocery
55,2012-04-04,1,17559,1,49.51,-17.81,0.0,278,Established,Grocery
56,2012-04-04,1,22208,5,71.24,-69.46,0.0,946,Established,Grocery
57,2012-04-04,1,23971,1,81.57,0.0,0.0,56,Local,Grocery
58,2012-04-04,1,25583,1,78.01,0.0,0.0,2165,Established,Grocery
59,2012-04-04,1,30775,2,77.65,0.0,0.0,248,Established,Grocery
60,2012-04-04,1,31196,2,177.39,0.0,0.0,189,Established,Pharmaceutical
61,2012-04-04,1,45986,1,83.35,-48.09,0.0,1075,Established,Grocery
62,2012-04-04,1,51608,1,89.05,-74.45,0.0,56,Local,Grocery
63,2012-04-04,1,58644,2,178.1,-70.53,0.0,914,Established,Grocery
64,2012-04-11,1,7875,2,114.7,-12.82,0.0,1981,Established,Pharmaceutical
65,2012-04-11,1,8307,1,106.5,0.0,0.0,141,Established,Grocery
66,2012-04-11,1,11411,1,89.05,-35.26,0.0,56,Local,Grocery
67,2012-04-11,1,15088,1,213.36,0.0,0.0,154,Established,Bakery
68,2012-04-11,1,16009,1,53.43,-6.77,0.0,634,Established,Grocery
69,2012-04-11,1,20822,1,89.05,-53.07,0.0,984,Established,Packaged Meat
70,2012-04-11,1,34324,1,95.82,0.0,0.0,2165,Established,Grocery
71,2012-04-11,1,45063,1,177.74,-46.31,0.0,57,Established,Pharmaceutical
72,2012-04-11,1,45986,1,83.35,-48.09,0.0,1075,Established,Grocery
73,2012-04-11,1,51608,1,89.05,-74.45,0.0,56,Local,Grocery
74,2012-04-11,1,52350,1,102.59,-68.03,0.0,56,Local,Grocery
75,2012-04-11,1,54384,1,53.43,-13.89,0.0,172,Established,Grocery
76,2012-04-11,1,57921,3,178.1,-141.41,0.0,487,Established,Grocery
77,2012-04-11,1,61345,1,256.11,-46.31,0.0,914,Established,Grocery
78,2012-04-18,1,8307,1,89.05,-17.45,0.0,141,Established,Grocery
79,2012-04-18,1,8693,1,56.64,0.0,0.0,102,Established,Pharmaceutical
80,2012-04-18,1,15481,1,134.29,0.0,0.0,3235,Established,Meat
81,2012-04-18,1,16340,1,53.43,-24.58,0.0,1140,Established,Grocery
82,2012-04-18,1,21553,1,85.13,0.0,0.0,989,Established,Packaged Meat
83,2012-04-18,1,28939,1,71.24,-6.77,0.0,56,Local,Grocery
84,2012-04-18,1,51608,2,178.1,-148.89,0.0,56,Local,Grocery
85,2012-04-18,1,56179,1,102.94,-28.5,0.0,1075,Established,Grocery
86,2012-04-21,1,7475,1,213.36,-71.24,0.0,89,Established,Grocery
87,2012-04-21,1,9281,4,71.24,0.0,0.0,1,Established,Bakery
88,2012-04-21,1,19083,1,113.63,-28.5,0.0,172,Established,Grocery
89,2012-04-21,1,19600,1,53.07,0.0,0.0,1616,Established,Grocery
90,2012-04-21,1,30633,1,102.94,0.0,0.0,136,Established,Prepared Food
91,2012-04-21,1,49915,1,70.88,0.0,0.0,619,Established,Pharmaceutical
92,2012-04-21,1,52016,1,57.35,-6.41,0.0,1981,Established,Pharmaceutical
93,2012-04-21,1,58644,1,89.05,-35.26,0.0,914,Established,Grocery
94,2012-05-08,1,5552,1,53.07,0.0,0.0,172,Established,Grocery
95,2012-05-08,1,7177,1,320.22,0.0,0.0,4388,Established,Pharmaceutical
96,2012-05-08,1,7875,2,114.7,-12.82,0.0,1981,Established,Pharmaceutical
97,2012-05-08,1,8307,1,106.5,0.0,0.0,141,Established,Grocery
98,2012-05-08,1,8548,1,106.5,0.0,0.0,56,Local,Bakery
99,2012-05-08,1,11559,1,140.34,0.0,-8.9,686,Established,Pharmaceutical
100,2012-05-08,1,13931,1,133.22,0.0,-8.9,278,Established,Grocery
101,2012-05-08,1,15322,1,35.26,-17.81,0.0,634,Established,Grocery
102,2012-05-08,1,16009,1,60.2,0.0,0.0,634,Established,Grocery
103,2012-05-08,1,17018,1,24.58,0.0,0.0,597,Established,Grocery
104,2012-05-08,1,17047,1,89.05,-17.45,0.0,1898,Established,Packaged Meat
105,2012-05-08,1,19600,1,35.26,-17.81,0.0,1616,Established,Grocery
106,2012-05-08,1,20232,1,116.48,0.0,0.0,714,Established,Grocery
107,2012-05-08,1,27106,1,53.43,-3.21,0.0,1538,Established,Grocery
108,2012-05-08,1,28276,1,70.88,0.0,0.0,303,Established,Pharmaceutical
109,2012-05-08,1,28876,2,230.82,0.0,0.0,97,Established,Pharmaceutical
110,2012-05-08,1,29420,1,61.98,0.0,-12.47,914,Established,Grocery
111,2012-05-08,1,30775,2,77.65,0.0,0.0,248,Established,Grocery
112,2012-05-08,1,30833,1,74.8,-28.14,-14.25,244,Established,Grocery
113,2012-05-08,1,31074,2,106.15,-14.25,0.0,2282,Established,Grocery
114,2012-05-08,1,31191,1,90.47,0.0,-8.9,91,Established,Pharmaceutical
115,2012-05-08,1,32129,1,67.32,0.0,0.0,946,Established,Grocery
116,2012-05-08,1,33446,1,89.05,-17.45,0.0,465,Established,Grocery
117,2012-05-08,1,35785,1,142.12,0.0,0.0,989,Established,Packaged Meat
118,2012-05-08,1,45986,1,120.75,-10.69,0.0,1075,Established,Grocery
119,2012-05-08,1,46149,1,89.05,-17.45,0.0,1898,Established,Packaged Meat
120,2012-05-08,1,47842,1,177.74,0.0,0.0,189,Established,Pharmaceutical
121,2012-05-08,1,48638,1,124.67,-45.95,0.0,56,Local,Grocery
122,2012-05-08,1,51514,1,106.86,-56.64,0.0,56,Local,Grocery
123,2012-05-08,1,52671,1,248.98,0.0,0.0,4856,Established,Grocery
124,2012-05-08,1,57921,1,63.05,-43.46,0.0,487,Established,Grocery
125,2012-05-08,1,58644,1,124.31,0.0,0.0,914,Established,Grocery
126,2012-05-08,1,59913,1,93.68,0.0,-26.71,644,Established,Pharmaceutical
127,2012-05-17,1,4953,1,142.12,0.0,0.0,1061,Established,Grocery
128,2012-05-17,1,7875,2,114.7,-12.82,0.0,1981,Established,Pharmaceutical
129,2012-05-17,1,8307,1,106.5,0.0,0.0,141,Established,Grocery
130,2012-05-17,1,8355,2,35.62,-34.91,0.0,56,Local,Grocery
131,2012-05-17,1,11487,1,142.12,0.0,0.0,172,Established,Grocery
132,2012-05-17,1,14537,1,106.5,-35.62,0.0,1113,Established,Meat
133,2012-05-17,1,15302,2,49.16,0.0,0.0,1906,Established,Pharmaceutical
134,2012-05-17,1,15322,1,35.26,-17.81,0.0,634,Established,Grocery
135,2012-05-17,1,16731,1,45.95,0.0,0.0,4954,Established,Grocery
136,2012-05-17,1,17559,1,59.49,-11.4,0.0,278,Established,Grocery
137,2012-05-17,1,23588,1,63.76,0.0,0.0,56,Local,Natural Products
138,2012-05-17,1,25381,1,71.24,-17.45,0.0,487,Established,Grocery
139,2012-05-17,1,25446,1,17.81,-13.89,0.0,1298,Established,Grocery
140,2012-05-17,1,27104,1,89.05,-53.07,0.0,1897,Established,Grocery
141,2012-05-17,1,28590,1,142.12,0.0,0.0,56,Local,Bakery
142,2012-05-17,1,28801,2,120.4,0.0,0.0,360,Established,Grocery
143,2012-05-17,1,30492,1,38.83,0.0,0.0,757,Established,Grocery
144,2012-05-17,1,30818,1,44.52,-12.11,0.0,946,Established,Grocery
145,2012-05-17,1,32093,1,81.57,0.0,0.0,617,Established,Packaged Meat
146,2012-05-17,1,32142,1,92.26,0.0,0.0,141,Established,Grocery
147,2012-05-17,1,32260,1,106.5,0.0,0.0,1025,Established,Grocery
148,2012-05-17,1,33079,1,35.26,0.0,0.0,56,Local,Grocery
149,2012-05-17,1,36908,1,45.95,0.0,0.0,360,Established,Grocery
150,2012-05-17,1,52082,1,63.76,0.0,0.0,475,Established,Pharmaceutical
151,2012-05-17,1,52767,1,106.5,0.0,0.0,686,Established,Grocery
152,2012-05-17,1,53524,3,320.58,-169.91,0.0,89,Established,Grocery
153,2012-05-17,1,56179,1,120.75,-10.69,0.0,1075,Established,Grocery
154,2012-05-17,1,57921,1,76.23,0.0,0.0,487,Established,Grocery
155,2012-05-17,1,60220,1,70.88,0.0,0.0,673,Established,Grocery
156,2012-05-17,1,61345,1,256.11,-46.31,0.0,914,Established,Grocery
157,2012-05-26,1,4953,2,142.48,-141.77,0.0,1061,Established,Grocery
158,2012-05-26,1,7875,2,114.7,-12.82,0.0,1981,Established,Pharmaceutical
159,2012-05-26,1,8098,1,56.64,0.0,0.0,1124,Established,Grocery
160,2012-05-26,1,8307,1,106.5,0.0,0.0,141,Established,Grocery
161,2012-05-26,1,8539,1,89.05,-17.45,0.0,1487,Established,Natural Products
162,2012-05-26,1,18157,1,70.88,0.0,0.0,487,Established,Grocery
163,2012-05-26,1,21059,1,78.01,0.0,0.0,877,Established,Grocery
164,2012-05-26,1,22105,1,89.05,-17.45,0.0,278,Established,Grocery
165,2012-05-26,1,26105,1,138.56,-39.18,0.0,56,Local,Grocery
166,2012-05-26,1,27435,1,89.05,-31.7,0.0,971,Established,Grocery
167,2012-05-26,1,27552,1,28.14,-3.56,0.0,56,Local,Grocery
168,2012-05-26,1,28276,1,53.43,-17.45,0.0,303,Established,Pharmaceutical
169,2012-05-26,1,28939,1,66.97,-11.04,0.0,56,Local,Grocery
170,2012-05-26,1,28969,1,53.43,-31.7,0.0,1000,Established,Grocery
171,2012-05-26,1,31553,1,149.25,0.0,0.0,1446,Established,Grocery
172,2012-05-26,1,33433,2,31.7,-3.21,0.0,446,Established,Grocery
173,2012-05-26,1,33516,1,53.07,0.0,0.0,1124,Established,Grocery
174,2012-05-26,1,33608,1,82.99,0.0,0.0,172,Established,Grocery
175,2012-05-26,1,33712,1,89.05,-31.7,0.0,971,Established,Grocery
176,2012-05-26,1,45986,1,127.88,-3.56,0.0,1075,Established,Grocery
177,2012-05-26,1,51608,1,106.86,-56.64,0.0,56,Local,Grocery
178,2012-05-26,1,57921,1,76.23,0.0,0.0,487,Established,Grocery
179,2012-05-26,1,58644,1,106.5,-17.81,0.0,914,Established,Grocery
180,2012-06-04,1,7808,1,71.24,-70.88,0.0,56,Local,Grocery
181,2012-06-04,1,8307,2,178.1,-34.91,0.0,141,Established,Grocery
182,2012-06-04,1,9281,3,53.43,0.0,0.0,1,Established,Bakery
183,2012-06-04,1,16009,1,60.2,0.0,0.0,634,Established,Grocery
184,2012-06-04,1,16298,1,138.56,-14.25,0.0,686,Established,Grocery
185,2012-06-04,1,16311,1,56.64,0.0,0.0,56,Local,Grocery
186,2012-06-04,1,17047,2,178.1,-34.91,0.0,1898,Established,Packaged Meat
187,2012-06-04,1,17195,1,92.26,0.0,0.0,141,Established,Grocery
188,2012-06-04,1,23286,1,177.74,0.0,0.0,154,Established,Bakery
189,2012-06-04,1,31268,2,81.57,0.0,0.0,1309,Established,Grocery
190,2012-06-04,1,35785,1,142.12,0.0,0.0,989,Established,Packaged Meat
191,2012-06-04,1,45074,1,95.82,-7.12,0.0,408,Established,Grocery
192,2012-06-04,1,45527,1,167.06,0.0,0.0,1088,Established,Grocery
193,2012-06-04,1,51608,1,89.05,-74.45,0.0,56,Local,Grocery
194,2012-06-04,1,52180,1,142.12,0.0,0.0,468,Established,Bakery
195,2012-06-14,1,5235,1,53.07,0.0,0.0,1124,Established,Grocery
196,2012-06-14,1,8098,1,56.64,0.0,0.0,1124,Established,Grocery
197,2012-06-14,1,10637,1,106.5,0.0,0.0,619,Established,Grocery
198,2012-06-14,1,11013,1,70.88,-21.37,0.0,235,Established,Grocery
199,2012-06-14,1,11658,1,45.95,0.0,0.0,1124,Established,Grocery
200,2012-06-14,1,12532,1,35.26,0.0,0.0,2088,Established,Pharmaceutical
201,2012-06-14,1,13931,1,142.12,0.0,0.0,278,Established,Grocery
202,2012-06-14,1,16731,1,45.95,0.0,0.0,4954,Established,Grocery
203,2012-06-14,1,17703,2,71.24,-6.41,0.0,56,Local,Grocery
204,2012-06-14,1,18215,1,88.69,0.0,0.0,56,Local,Natural Products
205,2012-06-14,1,20822,2,142.12,-142.12,0.0,984,Established,Packaged Meat
206,2012-06-14,1,22208,2,56.28,0.0,0.0,946,Established,Grocery
207,2012-06-14,1,22591,1,106.5,0.0,0.0,1487,Established,Natural Products
208,2012-06-14,1,23009,1,21.02,0.0,0.0,381,Established,Grocery
209,2012-06-14,1,25583,2,142.48,-13.54,0.0,2165,Established,Grocery
210,2012-06-14,1,27503,1,35.26,0.0,0.0,1124,Established,Grocery
211,2012-06-14,1,27557,2,70.53,0.0,0.0,1124,Established,Grocery
212,2012-06-14,1,28801,1,60.2,0.0,0.0,360,Established,Grocery
213,2012-06-14,1,30775,2,77.65,0.0,0.0,248,Established,Grocery
214,2012-06-14,1,31738,1,35.62,-3.21,0.0,56,Local,Grocery
215,2012-06-14,1,32142,1,92.26,0.0,0.0,141,Established,Grocery
216,2012-06-14,1,32382,1,124.31,0.0,0.0,56,Local,Grocery
217,2012-06-14,1,32840,1,53.07,0.0,0.0,56,Local,Grocery
218,2012-06-14,1,33752,1,56.64,0.0,0.0,743,Established,Grocery
219,2012-06-14,1,33920,1,49.51,0.0,0.0,686,Established,Grocery
220,2012-06-14,1,34465,1,71.24,-6.77,0.0,892,Established,Grocery
221,2012-06-14,1,37139,1,38.83,0.0,0.0,1124,Established,Grocery
222,2012-06-14,1,45986,1,120.75,-10.69,0.0,1075,Established,Grocery
223,2012-06-14,1,53524,5,445.25,-372.23,-89.05,89,Established,Grocery
224,2012-06-14,1,58644,1,106.5,-17.81,0.0,914,Established,Grocery
225,2012-06-19,1,6708,1,71.24,-13.89,0.0,714,Established,Grocery
226,2012-06-19,1,7045,2,142.48,-34.91,0.0,487,Established,Grocery
227,2012-06-19,1,8307,1,106.5,0.0,0.0,141,Established,Grocery
228,2012-06-19,1,9039,1,99.38,-24.93,0.0,1124,Established,Grocery
229,2012-06-19,1,11234,1,71.24,-13.89,0.0,714,Established,Grocery
230,2012-06-19,1,21768,1,248.98,0.0,0.0,2211,Established,Pharmaceutical
231,2012-06-19,1,26901,1,106.86,-85.13,0.0,501,Established,Grocery
232,2012-06-19,1,30818,1,44.52,-12.11,0.0,946,Established,Grocery
233,2012-06-19,1,52340,1,102.59,-68.03,0.0,56,Local,Grocery
234,2012-06-19,1,59243,1,142.12,0.0,0.0,1124,Established,Grocery
235,2012-06-19,1,63712,1,213.36,-71.24,0.0,686,Established,Grocery
236,2012-06-27,1,8098,1,56.64,0.0,0.0,1124,Established,Grocery
237,2012-06-27,1,8307,1,89.05,-17.45,0.0,141,Established,Grocery
238,2012-06-27,1,14054,1,60.2,0.0,0.0,360,Established,Grocery
239,2012-06-27,1,14899,1,35.26,0.0,0.0,303,Established,Pharmaceutical
240,2012-06-27,1,16731,2,91.9,0.0,0.0,4954,Established,Grocery
241,2012-06-27,1,18404,1,31.7,0.0,0.0,446,Established,Grocery
242,2012-06-27,1,18807,1,53.07,0.0,0.0,743,Established,Grocery
243,2012-06-27,1,26780,1,44.52,-12.11,0.0,946,Established,Grocery
244,2012-06-27,1,28133,1,35.62,-10.33,0.0,1709,Established,Grocery
245,2012-06-27,1,28295,1,31.7,-7.12,0.0,507,Established,Grocery
246,2012-06-27,1,28366,1,57.35,-6.41,0.0,1981,Established,Pharmaceutical
247,2012-06-27,1,29789,1,81.57,-10.69,0.0,1411,Established,Pharmaceutical
248,2012-06-27,1,30775,2,77.65,0.0,0.0,248,Established,Grocery
249,2012-06-27,1,36325,1,49.51,0.0,0.0,1124,Established,Grocery
250,2012-06-27,1,36416,1,173.83,-110.78,0.0,1,Established,Grocery
251,2012-06-27,1,47842,1,106.86,-70.88,0.0,189,Established,Pharmaceutical
252,2012-06-27,1,49205,1,81.57,-7.12,0.0,1615,Established,Grocery
253,2012-06-27,1,56179,1,83.35,-48.09,0.0,1075,Established,Grocery
254,2012-06-27,1,57921,1,61.98,-14.25,0.0,487,Established,Grocery
255,2012-06-27,1,59243,1,142.12,0.0,0.0,1124,Established,Grocery
256,2012-06-27,1,59853,1,93.68,0.0,-26.71,644,Established,Pharmaceutical
257,2012-06-27,1,61345,1,238.3,-46.31,-17.81,914,Established,Grocery
258,2012-06-27,1,63294,1,90.47,-7.12,-8.9,209,Established,Grocery
259,2012-07-11,1,5973,1,60.2,0.0,0.0,1183,Established,Packaged Meat
260,2012-07-11,1,8307,1,106.5,0.0,0.0,141,Established,Grocery
261,2012-07-11,1,9281,3,47.73,-5.7,0.0,1,Established,Bakery
262,2012-07-11,1,9628,1,99.38,0.0,0.0,167,Established,Grocery
263,2012-07-11,1,14836,1,117.19,0.0,0.0,1235,Established,Grocery
264,2012-07-11,1,16009,1,53.43,-6.77,0.0,634,Established,Grocery
265,2012-07-11,1,16731,2,91.9,0.0,0.0,4954,Established,Grocery
266,2012-07-11,1,18807,1,35.26,-17.81,0.0,743,Established,Grocery
267,2012-07-11,1,21432,1,145.69,0.0,0.0,989,Established,Packaged Meat
268,2012-07-11,1,22147,1,106.5,0.0,0.0,989,Established,Packaged Meat
269,2012-07-11,1,23744,2,56.28,0.0,0.0,946,Established,Grocery
270,2012-07-11,1,27557,2,70.53,0.0,0.0,1124,Established,Grocery
271,2012-07-11,1,28133,1,21.37,-10.33,-14.25,1709,Established,Grocery
272,2012-07-11,1,30249,1,70.88,0.0,0.0,278,Established,Grocery
273,2012-07-11,1,30775,2,77.65,0.0,0.0,248,Established,Grocery
274,2012-07-11,1,31063,1,71.24,-17.45,0.0,11,Local,Grocery
275,2012-07-11,1,32142,1,92.26,0.0,0.0,141,Established,Grocery
276,2012-07-11,1,33752,1,56.64,0.0,0.0,743,Established,Grocery
277,2012-07-11,1,45986,1,120.75,-10.69,0.0,1075,Established,Grocery
278,2012-07-11,1,48716,1,89.05,-81.57,0.0,56,Local,Grocery
279,2012-07-11,1,51927,2,142.48,-56.28,0.0,757,Established,Grocery
280,2012-07-11,1,52050,1,127.88,-14.25,0.0,1981,Established,Pharmaceutical
281,2012-07-11,1,52340,1,89.05,-81.57,0.0,56,Local,Grocery
282,2012-07-11,1,59243,1,142.12,0.0,0.0,1124,Established,Grocery
283,2012-07-11,1,64544,1,71.24,-42.39,0.0,465,Established,Grocery
284,2012-07-11,1,64563,1,71.24,-42.39,0.0,465,Established,Grocery
285,2012-07-30,1,17047,1,89.05,-17.45,0.0,1898,Established,Packaged Meat
286,2012-07-30,1,21432,1,145.69,0.0,0.0,989,Established,Packaged Meat
287,2012-07-30,1,25687,1,63.76,-28.5,0.0,57,Established,Pharmaceutical
288,2012-07-30,1,26164,1,78.01,0.0,0.0,997,Established,Grocery
289,2012-07-30,1,28366,1,57.35,-6.41,0.0,1981,Established,Pharmaceutical
290,2012-07-30,1,32142,1,92.26,0.0,0.0,141,Established,Grocery
291,2012-07-30,1,52082,1,63.76,0.0,0.0,475,Established,Pharmaceutical
292,2012-07-30,1,53524,3,356.2,-134.29,0.0,89,Established,Grocery
293,2012-07-30,1,66870,1,106.5,0.0,0.0,1898,Established,Packaged Meat
294,2012-07-22,1,8307,1,106.5,0.0,0.0,141,Established,Grocery
295,2012-07-22,1,14054,1,60.2,0.0,0.0,360,Established,Grocery
296,2012-07-22,1,15787,1,63.76,0.0,0.0,2367,Established,Grocery
297,2012-07-22,1,18807,1,53.07,0.0,0.0,743,Established,Grocery
298,2012-07-22,1,19332,1,177.74,-53.43,0.0,56,Local,Grocery
299,2012-07-22,1,20811,1,53.07,0.0,0.0,56,Local,Grocery
300,2012-07-22,1,22208,1,28.14,0.0,0.0,946,Established,Grocery
301,2012-07-22,1,23744,1,28.14,0.0,0.0,946,Established,Grocery
302,2012-07-22,1,25721,1,59.49,-64.83,0.0,278,Established,Grocery
303,2012-07-22,1,26780,1,44.52,-12.11,0.0,946,Established,Grocery
304,2012-07-22,1,28276,1,70.88,0.0,0.0,303,Established,Pharmaceutical
305,2012-07-22,1,28801,1,60.2,0.0,0.0,360,Established,Grocery
306,2012-07-22,1,36517,1,85.13,-17.81,0.0,141,Established,Grocery
307,2012-07-22,1,56179,1,83.35,-48.09,0.0,1075,Established,Grocery
308,2012-07-22,1,57921,1,66.97,-9.26,0.0,487,Established,Grocery
309,2012-07-22,1,61345,1,195.91,-106.5,0.0,914,Established,Grocery
310,2012-07-22,1,63651,2,70.53,0.0,0.0,475,Established,Pharmaceutical
311,2012-07-22,1,66870,1,106.5,0.0,0.0,1898,Established,Packaged Meat
312,2012-08-07,1,8307,1,106.5,0.0,0.0,141,Established,Grocery
313,2012-08-07,1,8705,1,70.88,0.0,0.0,989,Established,Packaged Meat
314,2012-08-07,1,11056,1,159.93,0.0,0.0,4856,Established,Grocery
315,2012-08-07,1,56179,1,120.75,-10.69,0.0,1075,Established,Grocery
316,2012-08-07,1,65480,1,106.5,0.0,0.0,648,Established,Bakery
317,2012-08-12,1,5973,1,60.2,0.0,0.0,1183,Established,Packaged Meat
318,2012-08-12,1,7875,1,57.35,-6.41,0.0,1981,Established,Pharmaceutical
319,2012-08-12,1,7970,2,99.02,0.0,0.0,1124,Established,Grocery
320,2012-08-12,1,8167,1,106.86,-21.02,0.0,1000,Established,Packaged Meat
321,2012-08-12,1,8307,1,106.5,0.0,0.0,141,Established,Grocery
322,2012-08-12,1,8510,1,53.43,-17.45,0.0,946,Established,Grocery
323,2012-08-12,1,9382,1,44.52,-12.11,0.0,946,Established,Grocery
324,2012-08-12,1,9506,1,60.2,0.0,0.0,56,Local,Grocery
325,2012-08-12,1,11013,1,70.88,-21.37,-35.62,235,Established,Grocery
326,2012-08-12,1,11756,1,27.43,-18.52,0.0,446,Established,Grocery
327,2012-08-12,1,13480,1,70.88,-3.56,0.0,567,Established,Grocery
328,2012-08-12,1,14215,2,141.77,0.0,0.0,278,Established,Grocery
329,2012-08-12,1,15787,1,63.76,0.0,0.0,2367,Established,Grocery
330,2012-08-12,1,16298,1,129.66,-14.25,-8.9,686,Established,Grocery
331,2012-08-12,1,16731,2,91.9,0.0,0.0,4954,Established,Grocery
332,2012-08-12,1,17047,1,94.04,0.0,-12.47,1898,Established,Packaged Meat
333,2012-08-12,1,19308,1,63.76,0.0,0.0,1884,Established,Grocery
334,2012-08-12,1,20459,1,53.07,0.0,0.0,56,Local,Grocery
335,2012-08-12,1,20969,1,89.05,-17.45,0.0,1124,Established,Grocery
336,2012-08-12,1,22208,1,28.14,0.0,0.0,946,Established,Grocery
337,2012-08-12,1,22287,2,178.1,-34.91,-35.62,1025,Established,Grocery
338,2012-08-12,1,23744,1,28.14,0.0,0.0,946,Established,Grocery
339,2012-08-12,1,23971,1,40.61,-40.96,0.0,56,Local,Grocery
340,2012-08-12,1,25595,1,42.39,0.0,0.0,56,Local,Grocery
341,2012-08-12,1,26349,2,86.56,0.0,-12.47,1124,Established,Grocery
342,2012-08-12,1,27435,1,106.5,-14.25,0.0,971,Established,Grocery
343,2012-08-12,1,27557,2,63.4,-7.12,0.0,1124,Established,Grocery
344,2012-08-12,1,28209,1,89.05,-35.26,0.0,524,Established,Grocery
345,2012-08-12,1,28295,1,31.7,-7.12,0.0,507,Established,Grocery
346,2012-08-12,1,28801,2,71.24,-49.16,0.0,360,Established,Grocery
347,2012-08-12,1,28969,1,71.24,-17.45,0.0,1000,Established,Grocery
348,2012-08-12,1,30775,4,104.01,-51.29,0.0,248,Established,Grocery
349,2012-08-12,1,32139,1,89.05,-17.45,0.0,971,Established,Grocery
350,2012-08-12,1,33515,2,106.86,-70.53,0.0,278,Established,Grocery
351,2012-08-12,1,33813,1,69.1,-14.25,-12.47,914,Established,Grocery
352,2012-08-12,1,34324,2,178.1,-13.54,0.0,2165,Established,Grocery
353,2012-08-12,1,35384,1,117.19,0.0,0.0,714,Established,Grocery
354,2012-08-12,1,45074,1,89.05,-13.89,0.0,408,Established,Grocery
355,2012-08-12,1,52340,1,102.59,-68.03,0.0,56,Local,Grocery
356,2012-08-12,1,52350,1,102.59,-68.03,0.0,56,Local,Grocery
357,2012-08-12,1,56310,1,195.55,-71.24,-17.81,686,Established,Grocery
358,2012-08-12,1,58644,1,89.05,-35.26,0.0,914,Established,Grocery
359,2012-08-12,1,61527,1,320.22,0.0,0.0,4388,Established,Pharmaceutical
360,2012-08-12,1,64565,1,44.52,-12.11,0.0,946,Established,Grocery
361,2012-08-23,1,44912,1,42.39,0.0,0.0,1,Established,Bakery
362,2012-08-23,1,8307,1,89.05,-17.45,0.0,141,Established,Grocery
363,2012-08-23,1,9193,1,142.12,0.0,0.0,278,Established,Grocery
364,2012-08-23,1,9927,1,106.5,-42.74,0.0,634,Established,Grocery
365,2012-08-23,1,16009,1,60.2,0.0,0.0,634,Established,Grocery
366,2012-08-23,1,16340,1,49.51,-28.5,0.0,1140,Established,Grocery
367,2012-08-23,1,17047,1,106.5,0.0,0.0,1898,Established,Packaged Meat
368,2012-08-23,1,17559,1,53.43,-17.45,0.0,278,Established,Grocery
369,2012-08-23,1,26780,1,35.62,-21.02,0.0,946,Established,Grocery
370,2012-08-23,1,28366,1,57.35,-6.41,0.0,1981,Established,Pharmaceutical
371,2012-08-23,1,53513,1,118.97,-44.52,0.0,2025,Established,Grocery
372,2012-08-23,1,57921,1,71.24,0.0,0.0,487,Established,Grocery
373,2012-09-03,1,44968,1,49.51,0.0,0.0,1,Established,Restauarant
374,2012-09-03,1,7445,1,53.43,-28.14,0.0,2065,Established,Grocery
375,2012-09-03,1,8307,1,106.5,0.0,0.0,141,Established,Grocery
376,2012-09-03,1,8539,1,89.05,-17.45,0.0,1487,Established,Natural Products
377,2012-09-03,1,9382,2,71.24,-42.03,0.0,946,Established,Grocery
378,2012-09-03,1,10534,1,79.79,-26.71,0.0,49,Established,Grocery
379,2012-09-03,1,14215,2,71.24,-70.53,0.0,278,Established,Grocery
380,2012-09-03,1,16340,1,49.51,-28.5,0.0,1140,Established,Grocery
381,2012-09-03,1,18041,1,67.32,0.0,0.0,132,Established,Grocery
382,2012-09-03,1,19872,1,89.05,-67.32,0.0,501,Established,Grocery
383,2012-09-03,1,20210,1,234.02,0.0,0.0,1342,Established,Pharmaceutical
384,2012-09-03,1,22208,2,35.62,-27.78,0.0,946,Established,Grocery
385,2012-09-03,1,24437,1,142.12,0.0,0.0,984,Established,Packaged Meat
386,2012-09-03,1,25583,1,78.01,0.0,0.0,2165,Established,Grocery
387,2012-09-03,1,26780,1,35.62,-21.02,0.0,946,Established,Grocery
388,2012-09-03,1,27519,1,102.94,0.0,0.0,1598,Established,Grocery
389,2012-09-03,1,28276,1,70.88,0.0,0.0,303,Established,Pharmaceutical
390,2012-09-03,1,31301,1,81.57,0.0,0.0,172,Established,Grocery
391,2012-09-03,1,33349,1,81.57,0.0,0.0,172,Established,Grocery
392,2012-09-03,1,33839,1,124.31,0.0,0.0,971,Established,Grocery
393,2012-09-03,1,33920,2,99.02,0.0,0.0,686,Established,Grocery
394,2012-09-03,1,35785,1,142.12,0.0,0.0,989,Established,Packaged Meat
395,2012-09-03,1,36800,1,53.43,-17.45,0.0,824,Established,Grocery
396,2012-09-03,1,36924,1,53.43,-3.21,0.0,56,Local,Grocery
397,2012-09-03,1,52082,1,63.76,0.0,0.0,475,Established,Pharmaceutical
398,2012-09-03,1,53524,3,320.58,-169.91,0.0,89,Established,Grocery
399,2012-09-03,1,57921,1,59.49,-11.75,0.0,487,Established,Grocery
400,2012-09-03,1,59243,1,142.12,0.0,0.0,1124,Established,Grocery
401,2012-09-03,1,63294,1,53.43,-53.07,0.0,209,Established,Grocery
402,2012-09-20,1,6894,1,71.24,0.0,0.0,1025,Established,Grocery
403,2012-09-20,1,8307,1,106.5,0.0,0.0,141,Established,Grocery
404,2012-09-20,1,9866,1,89.05,-35.26,0.0,524,Established,Grocery
405,2012-09-20,1,11564,1,60.2,-7.12,0.0,56,Local,Grocery
406,2012-09-20,1,15787,1,63.76,0.0,0.0,2367,Established,Grocery
407,2012-09-20,1,16731,2,70.53,-21.37,0.0,4954,Established,Grocery
408,2012-09-20,1,17040,1,88.69,-10.69,0.0,1186,Established,Grocery
409,2012-09-20,1,18157,1,70.88,0.0,0.0,487,Established,Grocery
410,2012-09-20,1,21824,1,142.12,-71.24,0.0,4376,Established,Pharmaceutical
411,2012-09-20,1,23622,1,70.53,-60.91,0.0,1075,Established,Grocery
412,2012-09-20,1,24437,1,142.12,0.0,0.0,984,Established,Packaged Meat
413,2012-09-20,1,27557,2,49.16,-21.37,0.0,1124,Established,Grocery
414,2012-09-20,1,28939,1,70.17,0.0,0.0,56,Local,Grocery
415,2012-09-20,1,31809,1,117.19,0.0,0.0,1446,Established,Grocery
416,2012-09-20,1,34324,1,95.82,0.0,0.0,2165,Established,Grocery
417,2012-09-20,1,34568,1,102.94,0.0,0.0,1134,Established,Grocery
418,2012-09-20,1,35785,1,142.12,0.0,0.0,989,Established,Packaged Meat
419,2012-09-20,1,36530,1,71.24,-24.58,-35.62,1025,Established,Grocery
420,2012-09-20,1,45271,1,70.53,-60.91,0.0,1075,Established,Grocery
421,2012-09-20,1,45306,1,118.97,-48.09,0.0,1088,Established,Grocery
422,2012-09-20,1,47842,1,97.96,-70.88,-26.71,189,Established,Pharmaceutical
423,2012-09-20,1,57921,1,71.24,0.0,0.0,487,Established,Grocery
424,2012-09-20,1,58635,1,177.74,-14.25,-35.62,864,Established,Grocery
425,2012-09-20,1,58644,1,89.05,-35.26,0.0,914,Established,Grocery
426,2012-09-20,1,64387,1,70.88,0.0,0.0,619,Established,Pharmaceutical
427,2012-10-01,1,6399,2,91.9,-7.12,0.0,979,Established,Grocery
428,2012-10-01,1,7017,1,88.69,0.0,0.0,487,Established,Grocery
429,2012-10-01,1,7445,2,97.96,-56.28,-8.9,2065,Established,Grocery
430,2012-10-01,1,8307,1,106.5,0.0,-53.43,141,Established,Grocery
431,2012-10-01,1,9193,1,142.12,0.0,0.0,278,Established,Grocery
432,2012-10-01,1,9281,3,53.43,0.0,0.0,1,Established,Bakery
433,2012-10-01,1,11585,1,38.83,0.0,0.0,248,Established,Grocery
434,2012-10-01,1,12721,1,17.45,0.0,0.0,4954,Established,Grocery
435,2012-10-01,1,14215,2,81.93,-52.72,-7.12,278,Established,Grocery
436,2012-10-01,1,15684,1,28.14,-3.56,0.0,1089,Established,Grocery
437,2012-10-01,1,16009,1,53.43,-6.77,0.0,634,Established,Grocery
438,2012-10-01,1,17047,1,94.04,0.0,-12.47,1898,Established,Packaged Meat
439,2012-10-01,1,17948,1,59.49,-25.65,0.0,1898,Established,Grocery
440,2012-10-01,1,18419,1,95.11,-47.02,0.0,56,Local,Grocery
441,2012-10-01,1,18807,1,45.95,-7.12,0.0,743,Established,Grocery
442,2012-10-01,1,19979,1,38.83,0.0,0.0,248,Established,Grocery
443,2012-10-01,1,20107,1,53.07,-7.12,0.0,5075,Established,Grocery
444,2012-10-01,1,21023,1,83.35,-40.96,0.0,56,Local,Grocery
445,2012-10-01,1,21030,1,142.12,0.0,0.0,989,Established,Packaged Meat
446,2012-10-01,1,22105,1,53.43,-42.39,0.0,278,Established,Grocery
447,2012-10-01,1,22208,1,31.7,0.0,0.0,946,Established,Grocery
448,2012-10-01,1,22600,1,102.94,0.0,0.0,1933,Established,Grocery
449,2012-10-01,1,23744,1,24.58,0.0,-7.12,946,Established,Grocery
450,2012-10-01,1,25583,1,78.01,0.0,0.0,2165,Established,Grocery
451,2012-10-01,1,26780,1,35.62,-21.02,0.0,946,Established,Grocery
452,2012-10-01,1,27557,4,84.06,-42.74,-14.25,1124,Established,Grocery
453,2012-10-01,1,28209,1,124.31,0.0,0.0,524,Established,Grocery
454,2012-10-01,1,28276,1,53.07,0.0,-17.81,303,Established,Pharmaceutical
455,2012-10-01,1,28295,1,31.7,-7.12,0.0,507,Established,Grocery
456,2012-10-01,1,30775,2,77.65,0.0,0.0,248,Established,Grocery
457,2012-10-01,1,31301,1,81.57,0.0,0.0,172,Established,Grocery
458,2012-10-01,1,32685,1,71.24,-17.45,0.0,2024,Established,Grocery
459,2012-10-01,1,33752,1,45.95,-10.69,0.0,743,Established,Grocery
460,2012-10-01,1,44988,1,59.49,-11.4,0.0,141,Established,Grocery
461,2012-10-01,1,53524,3,320.58,-169.91,0.0,89,Established,Grocery
462,2012-10-01,1,53672,1,57.35,-6.41,0.0,1981,Established,Pharmaceutical
463,2012-10-01,1,56179,2,141.06,-121.82,0.0,1075,Established,Grocery
464,2012-10-01,1,57921,2,118.61,-23.87,0.0,487,Established,Grocery
465,2012-10-01,1,57978,1,59.49,-11.75,0.0,487,Established,Grocery
466,2012-10-01,1,59835,1,88.69,0.0,0.0,946,Established,Grocery
467,2012-10-01,1,63703,1,106.5,0.0,0.0,141,Established,Grocery
468,2012-10-03,1,16252,1,24.58,-10.69,0.0,743,Established,Grocery
469,2012-10-03,1,28969,1,71.24,-17.45,0.0,1000,Established,Grocery
470,2012-10-03,1,33390,1,89.05,-10.33,0.0,141,Established,Grocery
471,2012-10-03,1,36530,1,71.24,-24.58,0.0,1025,Established,Grocery
472,2012-10-03,1,66209,1,142.12,-35.62,0.0,4856,Established,Grocery
473,2012-10-09,1,5973,1,45.95,-14.25,0.0,1183,Established,Packaged Meat
474,2012-10-09,1,8307,1,106.5,0.0,0.0,141,Established,Grocery
475,2012-10-09,1,16340,1,56.64,-21.37,0.0,1140,Established,Grocery
476,2012-10-09,1,16731,2,70.53,-21.37,0.0,4954,Established,Grocery
477,2012-10-09,1,17047,1,106.5,0.0,0.0,1898,Established,Packaged Meat
478,2012-10-09,1,18157,1,70.88,0.0,0.0,487,Established,Grocery
479,2012-10-09,1,19608,1,70.88,0.0,0.0,2024,Established,Grocery
480,2012-10-09,1,53672,2,114.7,-12.82,0.0,1981,Established,Pharmaceutical
481,2012-10-09,1,57921,1,71.24,0.0,0.0,487,Established,Grocery
482,2012-10-09,1,58644,1,89.05,-35.26,0.0,914,Established,Grocery
483,2012-10-18,1,4796,1,106.5,0.0,0.0,278,Established,Grocery
484,2012-10-18,1,5794,2,213.01,0.0,0.0,1134,Established,Grocery
485,2012-10-18,1,8098,1,53.07,0.0,0.0,1124,Established,Grocery
486,2012-10-18,1,8307,1,106.5,0.0,0.0,141,Established,Grocery
487,2012-10-18,1,9518,1,21.02,0.0,0.0,531,Established,Grocery
488,2012-10-18,1,12265,1,89.05,-31.7,0.0,524,Established,Grocery
489,2012-10-18,1,13461,1,12.11,0.0,0.0,1622,Established,Grocery
490,2012-10-18,1,13733,1,86.2,0.0,0.0,3406,Established,Prepared Food
491,2012-10-18,1,13931,1,127.88,0.0,0.0,278,Established,Grocery
492,2012-10-18,1,14695,1,60.2,0.0,0.0,634,Established,Grocery
493,2012-10-18,1,15070,2,89.05,-123.96,-35.62,1025,Established,Grocery
494,2012-10-18,1,15194,1,28.14,-10.69,0.0,248,Established,Grocery
495,2012-10-18,1,16340,1,56.64,-21.37,0.0,1140,Established,Grocery
496,2012-10-18,1,17047,1,94.04,0.0,-12.47,1898,Established,Packaged Meat
497,2012-10-18,1,17718,1,31.7,0.0,0.0,446,Established,Grocery
498,2012-10-18,1,22933,1,71.24,-17.45,0.0,2024,Established,Grocery
499,2012-10-18,1,28276,1,70.88,0.0,0.0,303,Established,Pharmaceutical
500,2012-10-18,1,30775,1,28.14,-10.69,0.0,248,Established,Grocery
501,2012-10-18,1,32074,2,35.62,-27.78,0.0,946,Established,Grocery
502,2012-10-18,1,32685,1,62.33,-17.45,-26.71,2024,Established,Grocery
503,2012-10-18,1,32861,1,46.66,0.0,0.0,446,Established,Grocery
504,2012-10-18,1,33752,2,95.46,-17.81,0.0,743,Established,Grocery
505,2012-10-18,1,46149,1,94.04,0.0,-12.47,1898,Established,Packaged Meat
506,2012-10-18,1,49800,1,71.24,-106.5,0.0,847,Established,Grocery
507,2012-10-18,1,53672,2,114.7,-12.82,0.0,1981,Established,Pharmaceutical
508,2012-10-18,1,56179,1,120.75,-10.69,0.0,1075,Established,Grocery
509,2012-10-18,1,57921,1,71.24,0.0,0.0,487,Established,Grocery
510,2012-10-18,1,59842,1,71.24,-35.26,0.0,1475,Established,Natural Products
511,2012-10-18,1,63843,1,40.96,-17.45,-12.47,1762,Established,Pharmaceutical
512,2012-10-27,1,6089,1,74.45,-19.23,-26.71,644,Established,Pharmaceutical
513,2012-10-27,1,8307,1,106.5,0.0,0.0,141,Established,Grocery
514,2012-10-27,1,8463,1,53.43,-13.89,0.0,1555,Established,Packaged Meat
515,2012-10-27,1,14635,1,31.7,-7.12,0.0,507,Established,Grocery
516,2012-10-27,1,16340,1,56.64,-21.37,0.0,1140,Established,Grocery
517,2012-10-27,1,17047,1,106.5,0.0,0.0,1898,Established,Packaged Meat
518,2012-10-27,1,22208,2,35.62,-27.78,0.0,946,Established,Grocery
519,2012-10-27,1,22350,1,95.82,0.0,0.0,278,Established,Grocery
520,2012-10-27,1,22839,1,142.12,0.0,0.0,984,Established,Packaged Meat
521,2012-10-27,1,22892,1,168.84,-46.31,-26.71,57,Established,Pharmaceutical
522,2012-10-27,1,22916,1,88.69,0.0,0.0,56,Local,Grocery
523,2012-10-27,1,24285,1,70.88,0.0,0.0,115,Established,Grocery
524,2012-10-27,1,26780,1,44.52,-12.11,0.0,946,Established,Grocery
525,2012-10-27,1,28276,1,70.88,0.0,0.0,303,Established,Pharmaceutical
526,2012-10-27,1,32260,1,89.05,-17.45,0.0,1025,Established,Grocery
527,2012-10-27,1,33821,1,131.44,0.0,0.0,172,Established,Grocery
528,2012-10-27,1,56179,1,83.35,-48.09,0.0,1075,Established,Grocery
529,2012-10-27,1,57921,1,71.24,0.0,0.0,487,Established,Grocery
530,2012-10-27,1,65698,1,135.0,-7.12,0.0,1981,Established,Pharmaceutical
531,2012-11-07,1,4577,2,120.4,0.0,0.0,115,Established,Grocery
532,2012-11-07,1,8307,1,106.5,0.0,0.0,141,Established,Grocery
533,2012-11-07,1,8710,1,42.39,0.0,0.0,56,Local,Grocery
534,2012-11-07,1,11582,1,142.12,0.0,0.0,908,Established,Grocery
535,2012-11-07,1,13775,1,53.07,0.0,0.0,574,Established,Bakery
536,2012-11-07,1,16298,1,145.69,0.0,0.0,686,Established,Grocery
537,2012-11-07,1,16340,1,56.64,-21.37,0.0,1140,Established,Grocery
538,2012-11-07,1,17047,1,106.5,0.0,0.0,1898,Established,Packaged Meat
539,2012-11-07,1,19608,1,70.88,0.0,0.0,2024,Established,Grocery
540,2012-11-07,1,21030,1,142.12,0.0,0.0,989,Established,Packaged Meat
541,2012-11-07,1,24437,1,106.86,-35.26,0.0,984,Established,Packaged Meat
542,2012-11-07,1,30775,2,56.28,-21.37,0.0,248,Established,Grocery
543,2012-11-07,1,31079,1,45.95,0.0,0.0,1124,Established,Grocery
544,2012-11-07,1,35567,1,81.57,0.0,0.0,634,Established,Grocery
545,2012-11-07,1,53517,1,89.05,-74.45,0.0,89,Established,Grocery
546,2012-11-07,1,53524,4,356.2,-297.78,0.0,89,Established,Grocery
547,2012-11-07,1,56179,1,120.75,-10.69,0.0,1075,Established,Grocery
548,2012-11-07,1,57921,1,71.24,0.0,0.0,487,Established,Grocery
549,2012-11-07,1,58655,1,71.24,-38.83,0.0,971,Established,Grocery
550,2012-11-07,1,63453,1,89.05,-24.58,0.0,1065,Established,Grocery
551,2012-11-07,1,64567,1,99.38,0.0,0.0,465,Established,Grocery
552,2012-11-07,1,65157,1,53.43,-42.39,0.0,278,Established,Grocery
553,2012-11-13,1,8307,1,89.05,-17.45,0.0,141,Established,Grocery
554,2012-11-13,1,19872,1,156.37,0.0,0.0,501,Established,Grocery
555,2012-11-13,1,22208,1,31.7,0.0,0.0,946,Established,Grocery
556,2012-11-13,1,23744,2,63.4,0.0,0.0,946,Established,Grocery
557,2012-11-13,1,28276,1,70.88,0.0,0.0,303,Established,Pharmaceutical
558,2012-11-20,1,6417,1,106.5,-17.81,0.0,56,Local,Prepared Food
559,2012-11-20,1,8307,1,89.05,-17.45,0.0,141,Established,Grocery
560,2012-11-20,1,8539,1,89.05,-17.45,0.0,1487,Established,Natural Products
561,2012-11-20,1,12532,1,37.4,0.0,0.0,2088,Established,Pharmaceutical
562,2012-11-20,1,16340,1,56.64,-21.37,0.0,1140,Established,Grocery
563,2012-11-20,1,16571,1,117.19,0.0,0.0,1446,Established,Grocery
564,2012-11-20,1,17047,1,94.04,0.0,-12.47,1898,Established,Packaged Meat
565,2012-11-20,1,30249,1,70.88,0.0,0.0,278,Established,Grocery
566,2012-11-20,1,30818,1,44.52,-19.23,0.0,946,Established,Grocery
567,2012-11-20,1,32685,1,92.26,0.0,0.0,2024,Established,Grocery
568,2012-11-20,1,34312,1,70.88,0.0,0.0,989,Established,Packaged Meat
569,2012-11-20,1,36372,1,26.71,0.0,0.0,56,Local,Pharmaceutical
570,2012-11-20,1,47842,1,89.05,-88.69,0.0,189,Established,Pharmaceutical
571,2012-11-20,1,56179,1,120.75,-10.69,0.0,1075,Established,Grocery
572,2012-11-20,1,57506,1,35.62,-35.26,0.0,603,Established,Grocery
573,2012-11-20,1,58644,1,124.31,0.0,0.0,914,Established,Grocery
574,2012-11-20,1,59238,1,92.26,0.0,0.0,56,Local,Grocery
575,2012-11-20,1,61452,1,177.74,-142.48,0.0,914,Established,Grocery
576,2012-11-20,1,62178,1,89.05,-17.45,0.0,1447,Established,Grocery
577,2012-12-03,1,6231,1,124.67,-17.45,0.0,934,Established,Prepared Food
578,2012-12-03,1,7494,1,18.52,0.0,0.0,56,Local,Grocery
579,2012-12-03,1,7719,1,71.24,-21.02,0.0,2024,Established,Grocery
580,2012-12-03,1,8307,2,178.1,-34.91,0.0,141,Established,Grocery
581,2012-12-03,1,9121,1,63.76,0.0,0.0,1648,Established,Pharmaceutical
582,2012-12-03,1,9382,1,44.52,-19.23,0.0,946,Established,Grocery
583,2012-12-03,1,11234,1,71.24,-13.89,0.0,714,Established,Grocery
584,2012-12-03,1,12721,1,17.45,0.0,0.0,4954,Established,Grocery
585,2012-12-03,1,16340,1,56.64,-21.37,0.0,1140,Established,Grocery
586,2012-12-03,1,16571,1,117.19,0.0,0.0,1446,Established,Grocery
587,2012-12-03,1,16731,1,35.26,-10.69,0.0,4954,Established,Grocery
588,2012-12-03,1,17047,1,89.05,-17.45,0.0,1898,Established,Packaged Meat
589,2012-12-03,1,17718,1,45.95,0.0,0.0,446,Established,Grocery
590,2012-12-03,1,18807,1,53.07,0.0,0.0,743,Established,Grocery
591,2012-12-03,1,20232,1,116.48,0.0,0.0,714,Established,Grocery
592,2012-12-03,1,22208,1,31.7,0.0,0.0,946,Established,Grocery
593,2012-12-03,1,22591,1,106.5,0.0,0.0,1487,Established,Natural Products
594,2012-12-03,1,23744,1,31.7,0.0,0.0,946,Established,Grocery
595,2012-12-03,1,24246,1,88.69,0.0,0.0,1707,Established,Grocery
596,2012-12-03,1,24437,1,142.12,0.0,0.0,984,Established,Packaged Meat
597,2012-12-03,1,27435,1,120.75,0.0,0.0,971,Established,Grocery
598,2012-12-03,1,27557,1,35.26,0.0,0.0,1124,Established,Grocery
599,2012-12-03,1,28276,1,70.88,0.0,0.0,303,Established,Pharmaceutical
600,2012-12-03,1,28801,2,71.24,-49.16,0.0,360,Established,Grocery
601,2012-12-03,1,30249,1,70.88,0.0,-35.62,278,Established,Grocery
602,2012-12-03,1,30775,2,77.65,0.0,0.0,248,Established,Grocery
603,2012-12-03,1,31772,1,71.24,-35.26,0.0,2024,Established,Grocery
604,2012-12-03,1,34324,1,99.38,0.0,0.0,2165,Established,Grocery
605,2012-12-03,1,34568,1,102.94,0.0,0.0,1134,Established,Grocery
606,2012-12-03,1,35785,1,142.12,0.0,0.0,989,Established,Packaged Meat
607,2012-12-03,1,36468,1,49.51,0.0,0.0,1193,Established,Grocery
608,2012-12-03,1,45986,1,120.75,-10.69,0.0,1075,Established,Grocery
609,2012-12-03,1,46149,1,89.05,-17.45,0.0,1898,Established,Packaged Meat
610,2012-12-03,1,49900,1,102.94,0.0,0.0,141,Established,Grocery
611,2012-12-03,1,52082,1,63.76,0.0,0.0,475,Established,Pharmaceutical
612,2012-12-03,1,53729,1,81.57,-24.93,0.0,141,Established,Grocery
613,2012-12-03,1,55925,1,151.03,0.0,-26.71,1025,Established,Grocery
614,2012-12-03,1,57218,1,70.88,0.0,0.0,58,Established,Grocery
615,2012-12-03,1,57701,1,113.63,0.0,0.0,209,Established,Grocery
616,2012-12-03,1,57921,1,71.24,0.0,0.0,487,Established,Grocery
617,2012-12-03,1,58644,1,120.75,-3.56,0.0,914,Established,Grocery
618,2012-12-03,1,59072,1,89.05,-17.45,0.0,782,Established,Grocery
619,2012-12-03,1,65156,1,99.38,0.0,0.0,278,Established,Grocery
620,2012-12-03,1,67607,1,142.48,-28.14,0.0,4375,Established,Pharmaceutical
621,2012-12-18,1,6620,1,177.74,0.0,0.0,1025,Established,Grocery
622,2012-12-18,1,8307,1,106.5,0.0,0.0,141,Established,Grocery
623,2012-12-18,1,11056,1,149.25,-10.69,0.0,4856,Established,Grocery
624,2012-12-18,1,13259,1,71.24,-21.02,0.0,2024,Established,Grocery
625,2012-12-18,1,13931,1,138.56,0.0,0.0,278,Established,Grocery
626,2012-12-18,1,17047,1,106.5,0.0,0.0,1898,Established,Packaged Meat
627,2012-12-18,1,20504,1,106.5,0.0,0.0,56,Local,Bakery
628,2012-12-18,1,21041,1,124.31,0.0,0.0,56,Local,Grocery
629,2012-12-18,1,22208,1,31.7,0.0,0.0,946,Established,Grocery
630,2012-12-18,1,23744,1,31.7,0.0,0.0,946,Established,Grocery
631,2012-12-18,1,27076,1,53.43,-17.45,0.0,1415,Established,Natural Products
632,2012-12-18,1,27557,1,35.26,0.0,0.0,1124,Established,Grocery
633,2012-12-18,1,30775,2,77.65,0.0,0.0,248,Established,Grocery
634,2012-12-18,1,33752,3,106.86,-63.05,0.0,743,Established,Grocery
635,2012-12-18,1,35029,1,174.18,0.0,0.0,1569,Established,Grocery
636,2012-12-18,1,36521,1,89.05,-35.26,0.0,2020,Established,Packaged Meat
637,2012-12-18,1,44877,1,113.63,0.0,0.0,141,Established,Grocery
638,2012-12-18,1,45441,1,106.5,0.0,0.0,1142,Established,Packaged Meat
639,2012-12-18,1,56179,1,89.05,-42.39,0.0,1075,Established,Grocery
640,2012-12-18,1,60518,1,106.5,0.0,0.0,1487,Established,Natural Products
641,2012-12-18,1,62396,1,99.38,0.0,0.0,971,Established,Grocery
642,2012-12-18,1,64565,1,44.52,-19.23,0.0,946,Established,Grocery
643,2012-12-18,1,64722,1,89.05,-13.89,0.0,1447,Established,Grocery
644,2012-12-27,1,8307,1,106.5,0.0,0.0,141,Established,Grocery
645,2012-12-27,1,8539,1,89.05,-17.45,0.0,1487,Established,Natural Products
646,2012-12-27,1,10446,1,71.24,-24.58,0.0,522,Established,"Dairy, Juices & Snacks"
647,2012-12-27,1,10699,1,106.5,0.0,0.0,1074,Established,Bakery
648,2012-12-27,1,11917,1,35.26,-10.69,0.0,11,Local,Grocery
649,2012-12-27,1,13098,1,118.97,-30.28,0.0,686,Established,Pharmaceutical
650,2012-12-27,1,13924,1,89.05,-28.14,0.0,1065,Established,Grocery
651,2012-12-27,1,14899,2,70.53,0.0,-35.26,303,Established,Pharmaceutical
652,2012-12-27,1,16009,1,60.2,0.0,0.0,634,Established,Grocery
653,2012-12-27,1,16340,1,56.64,-21.37,0.0,1140,Established,Grocery
654,2012-12-27,1,17047,2,178.1,-34.91,0.0,1898,Established,Packaged Meat
655,2012-12-27,1,17303,1,86.91,0.0,-19.59,408,Established,Grocery
656,2012-12-27,1,20811,1,56.64,0.0,0.0,56,Local,Grocery
657,2012-12-27,1,22208,2,63.4,0.0,0.0,946,Established,Grocery
658,2012-12-27,1,22600,1,89.05,-6.77,0.0,1933,Established,Grocery
659,2012-12-27,1,33542,1,92.26,0.0,0.0,235,Established,Grocery
660,2012-12-27,1,33920,2,99.02,0.0,0.0,686,Established,Grocery
661,2012-12-27,1,45986,1,120.75,-10.69,0.0,1075,Established,Grocery
662,2012-12-27,1,53524,4,356.2,-297.78,0.0,89,Established,Grocery
663,2012-12-27,1,53895,1,89.05,-31.7,0.0,269,Established,Grocery
664,2012-12-27,1,58644,1,120.75,-3.56,0.0,914,Established,Grocery
665,2012-12-27,1,61069,1,24.58,0.0,0.0,1085,Established,Grocery
666,2012-12-27,1,62728,1,89.05,0.0,0.0,771,Established,Pharmaceutical
667,2012-12-27,1,63184,1,186.65,-62.33,-106.86,1025,Established,Grocery
668,2012-12-27,1,64722,1,76.58,-13.89,-12.47,1447,Established,Grocery
669,2012-12-27,1,65156,1,99.38,0.0,0.0,278,Established,Grocery
670,2012-12-27,1,65899,1,78.01,0.0,0.0,1282,Established,Grocery
671,2012-12-27,1,69459,1,63.76,0.0,0.0,1981,Established,Pharmaceutical
672,2012-12-27,1,70351,1,99.38,0.0,0.0,363,Established,Grocery
673,2013-01-10,1,44968,1,49.51,0.0,0.0,1,Established,Restauarant
674,2013-01-10,1,5525,1,142.12,0.0,0.0,984,Established,Packaged Meat
675,2013-01-10,1,6089,1,74.45,-19.23,-26.71,644,Established,Pharmaceutical
676,2013-01-10,1,7017,1,88.69,0.0,0.0,487,Established,Grocery
677,2013-01-10,1,7492,1,63.76,0.0,0.0,1648,Established,Pharmaceutical
678,2013-01-10,1,8307,1,106.5,0.0,0.0,141,Established,Grocery
679,2013-01-10,1,11756,1,23.87,-22.08,0.0,446,Established,Grocery
680,2013-01-10,1,12472,1,71.24,-10.33,-17.81,235,Established,Grocery
681,2013-01-10,1,12826,1,23.87,-22.08,0.0,446,Established,Grocery
682,2013-01-10,1,20232,2,178.1,-54.85,0.0,714,Established,Grocery
683,2013-01-10,1,27557,1,35.26,0.0,0.0,1124,Established,Grocery
684,2013-01-10,1,28276,1,70.88,0.0,0.0,303,Established,Pharmaceutical
685,2013-01-10,1,28529,1,81.57,0.0,0.0,4412,Established,Pharmaceutical
686,2013-01-10,1,30818,1,44.52,-19.23,0.0,946,Established,Grocery
687,2013-01-10,1,30929,1,23.51,-22.44,0.0,446,Established,Grocery
688,2013-01-10,1,31648,1,95.82,0.0,0.0,853,Established,Grocery
689,2013-01-10,1,32685,1,71.24,-21.02,0.0,2024,Established,Grocery
690,2013-01-10,1,34324,1,89.05,-10.33,0.0,2165,Established,Grocery
691,2013-01-10,1,35785,1,142.12,0.0,0.0,989,Established,Packaged Meat
692,2013-01-10,1,45986,1,89.05,-42.39,0.0,1075,Established,Grocery
693,2013-01-10,1,56179,1,89.05,-42.39,0.0,1075,Established,Grocery
694,2013-01-10,1,58222,1,89.05,-6.77,0.0,1707,Established,Grocery
695,2013-01-10,1,63118,1,106.5,0.0,-106.5,1025,Established,Grocery
696,2013-01-10,1,63292,1,106.5,0.0,0.0,1025,Established,Grocery
697,2013-01-10,1,65079,1,339.81,-135.36,-19.59,914,Established,Grocery
698,2013-01-10,1,65157,1,99.38,0.0,0.0,278,Established,Grocery
699,2013-01-10,1,69459,2,127.52,0.0,0.0,1981,Established,Pharmaceutical
700,2013-01-10,1,71015,1,89.05,-10.33,0.0,2165,Established,Grocery
701,2013-02-04,1,44968,1,49.51,0.0,0.0,1,Established,Restauarant
702,2013-02-04,1,7475,1,173.83,-110.78,0.0,89,Established,Grocery
703,2013-02-04,1,8307,1,106.5,0.0,0.0,141,Established,Grocery
704,2013-02-04,1,10249,1,74.45,0.0,0.0,997,Established,Grocery
705,2013-02-04,1,10446,1,95.82,0.0,0.0,522,Established,"Dairy, Juices & Snacks"
706,2013-02-04,1,10534,1,89.05,-35.26,0.0,49,Established,Grocery
707,2013-02-04,1,10699,1,106.5,0.0,0.0,1074,Established,Bakery
708,2013-02-04,1,14732,1,53.07,0.0,0.0,461,Established,Grocery
709,2013-02-04,1,17047,1,94.04,0.0,-12.47,1898,Established,Packaged Meat
710,2013-02-04,1,19632,1,85.13,0.0,0.0,278,Established,Grocery
711,2013-02-04,1,19991,1,89.05,-42.39,0.0,524,Established,Grocery
712,2013-02-04,1,20822,1,89.05,-53.07,0.0,984,Established,Packaged Meat
713,2013-02-04,1,21386,1,95.82,0.0,0.0,522,Established,"Dairy, Juices & Snacks"
714,2013-02-04,1,22105,1,99.38,0.0,0.0,278,Established,Grocery
715,2013-02-04,1,22208,2,63.4,0.0,0.0,946,Established,Grocery
716,2013-02-04,1,24437,1,142.12,0.0,0.0,984,Established,Packaged Meat
717,2013-02-04,1,27106,1,35.26,-3.56,-17.81,1538,Established,Grocery
718,2013-02-04,1,28276,1,70.88,0.0,0.0,303,Established,Pharmaceutical
719,2013-02-04,1,30775,5,130.01,-64.12,0.0,248,Established,Grocery
720,2013-02-04,1,30818,2,89.05,-38.47,0.0,946,Established,Grocery
721,2013-02-04,1,31301,1,81.57,0.0,0.0,172,Established,Grocery
722,2013-02-04,1,31375,1,102.94,0.0,-14.25,1139,Established,Grocery
723,2013-02-04,1,32142,1,92.26,0.0,-71.24,141,Established,Grocery
724,2013-02-04,1,35575,1,81.57,0.0,0.0,1246,Established,Grocery
725,2013-02-04,1,35785,1,142.12,0.0,0.0,989,Established,Packaged Meat
726,2013-02-04,1,36924,1,70.88,0.0,0.0,56,Local,Grocery
727,2013-02-04,1,56179,1,120.75,-10.69,0.0,1075,Established,Grocery
728,2013-02-04,1,57921,1,71.24,0.0,0.0,487,Established,Grocery
729,2013-02-04,1,59704,1,89.05,-24.58,-71.24,141,Established,Grocery
730,2013-02-04,1,59900,1,71.24,-45.95,0.0,611,Established,Natural Products
731,2013-02-04,1,69209,1,53.43,-13.89,-17.81,147,Established,Grocery
732,2013-02-16,1,7875,3,160.29,-30.99,0.0,1981,Established,Pharmaceutical
733,2013-02-16,1,8307,1,90.47,0.0,-19.59,141,Established,Grocery
734,2013-02-16,1,10446,1,95.82,0.0,0.0,522,Established,"Dairy, Juices & Snacks"
735,2013-02-16,1,10699,1,106.5,0.0,0.0,1074,Established,Bakery
736,2013-02-16,1,12819,1,81.57,0.0,0.0,1246,Established,Grocery
737,2013-02-16,1,13775,1,53.07,0.0,0.0,574,Established,Bakery
738,2013-02-16,1,14731,1,67.32,0.0,0.0,777,Established,Grocery
739,2013-02-16,1,16615,1,106.5,0.0,0.0,619,Established,Pharmaceutical
740,2013-02-16,1,16731,1,42.39,-3.56,0.0,4954,Established,Grocery
741,2013-02-16,1,17047,1,89.05,-17.45,0.0,1898,Established,Packaged Meat
742,2013-02-16,1,19588,3,73.73,-32.06,0.0,743,Established,Grocery
743,2013-02-16,1,21824,1,213.36,0.0,0.0,4376,Established,Pharmaceutical
744,2013-02-16,1,23744,2,63.4,0.0,0.0,946,Established,Grocery
745,2013-02-16,1,24261,1,89.05,-21.02,0.0,971,Established,Grocery
746,2013-02-16,1,28276,1,70.88,0.0,0.0,303,Established,Pharmaceutical
747,2013-02-16,1,30775,2,52.01,-25.65,0.0,248,Established,Grocery
748,2013-02-16,1,30818,1,44.52,-19.23,0.0,946,Established,Grocery
749,2013-02-16,1,31191,1,102.94,0.0,0.0,91,Established,Pharmaceutical
750,2013-02-16,1,32201,1,89.05,-35.26,0.0,56,Local,Prepared Food
751,2013-02-16,1,32685,1,92.26,0.0,0.0,2024,Established,Grocery
752,2013-02-16,1,32898,3,53.43,0.0,0.0,1,Established,Bakery
753,2013-02-16,1,35636,1,126.09,0.0,-26.71,644,Established,Pharmaceutical
754,2013-02-16,1,36400,1,106.86,-24.58,-17.81,686,Established,Pharmaceutical
755,2013-02-16,1,48945,1,89.05,-53.07,0.0,2025,Established,Grocery
756,2013-02-16,1,53719,1,89.05,-21.02,0.0,971,Established,Grocery
757,2013-02-16,1,56179,1,120.75,-10.69,0.0,1075,Established,Grocery
758,2013-02-16,1,62762,1,167.06,0.0,0.0,771,Established,Pharmaceutical
759,2013-02-16,1,63703,1,106.5,0.0,-71.24,141,Established,Grocery
760,2013-02-16,1,69004,1,60.2,0.0,-17.81,1009,Established,Pharmaceutical
761,2013-02-16,1,69970,1,95.82,0.0,0.0,522,Established,"Dairy, Juices & Snacks"
762,2013-02-16,1,71506,1,49.51,-28.5,0.0,997,Established,Grocery
763,2013-02-16,1,71648,1,53.43,-70.88,-17.81,1061,Established,Grocery
764,2013-02-25,1,7875,4,213.72,-41.32,0.0,1981,Established,Pharmaceutical
765,2013-02-25,1,8307,1,90.47,0.0,-19.59,141,Established,Grocery
766,2013-02-25,1,9193,2,284.25,0.0,0.0,278,Established,Grocery
767,2013-02-25,1,10446,1,95.82,0.0,0.0,522,Established,"Dairy, Juices & Snacks"
768,2013-02-25,1,12001,1,70.88,-17.81,0.0,592,Established,"Dairy, Juices & Snacks"
769,2013-02-25,1,12819,1,81.57,0.0,0.0,1246,Established,Grocery
770,2013-02-25,1,16009,1,63.76,0.0,0.0,634,Established,Grocery
771,2013-02-25,1,17047,1,106.5,0.0,0.0,1898,Established,Packaged Meat
772,2013-02-25,1,17303,2,162.07,-27.78,-19.59,408,Established,Grocery
773,2013-02-25,1,18807,2,106.15,0.0,0.0,743,Established,Grocery
774,2013-02-25,1,20953,1,71.24,-24.58,0.0,1555,Established,Packaged Meat
775,2013-02-25,1,22147,1,89.05,-17.45,0.0,989,Established,Packaged Meat
776,2013-02-25,1,22208,1,31.7,0.0,0.0,946,Established,Grocery
777,2013-02-25,1,23744,1,31.7,0.0,0.0,946,Established,Grocery
778,2013-02-25,1,24667,1,106.5,-35.62,0.0,56,Local,Bakery
779,2013-02-25,1,28099,1,110.07,0.0,0.0,1124,Established,Grocery
780,2013-02-25,1,28276,1,70.88,0.0,0.0,303,Established,Pharmaceutical
781,2013-02-25,1,28295,2,56.99,-20.66,0.0,507,Established,Grocery
782,2013-02-25,1,30775,2,52.01,-25.65,0.0,248,Established,Grocery
783,2013-02-25,1,30818,1,44.52,-19.23,0.0,946,Established,Grocery
784,2013-02-25,1,32201,1,89.05,-35.26,0.0,56,Local,Prepared Food
785,2013-02-25,1,37200,1,102.94,-32.06,0.0,4615,Established,Grocery
786,2013-02-25,1,45527,1,142.48,-24.58,0.0,1088,Established,Grocery
787,2013-02-25,1,45986,1,120.75,-10.69,0.0,1075,Established,Grocery
788,2013-02-25,1,47842,1,106.86,-106.5,-35.62,189,Established,Pharmaceutical
789,2013-02-25,1,47842,1,106.86,-106.5,-35.62,189,Established,Pharmaceutical
790,2013-02-25,1,64544,1,120.75,0.0,0.0,465,Established,Grocery
791,2013-02-25,1,71257,1,35.62,-17.45,0.0,475,Established,Pharmaceutical
792,2013-02-26,1,46031,1,102.94,0.0,0.0,1124,Established,Grocery
793,2013-03-03,1,5634,1,53.43,-45.95,0.0,278,Established,Grocery
794,2013-03-03,1,7875,2,114.7,-12.82,0.0,1981,Established,Pharmaceutical
795,2013-03-03,1,8307,1,89.05,-17.45,0.0,141,Established,Grocery
796,2013-03-03,1,19700,1,71.24,-38.83,0.0,971,Established,Grocery
797,2013-03-03,1,25381,1,59.49,-29.21,0.0,487,Established,Grocery
798,2013-03-03,1,25936,1,71.24,-38.83,0.0,971,Established,Grocery
799,2013-03-03,1,26955,1,70.88,0.0,0.0,522,Established,"Dairy, Juices & Snacks"
800,2013-03-03,1,28030,1,59.49,-29.21,0.0,487,Established,Grocery
801,2013-03-03,1,29676,1,89.05,-3.21,0.0,1198,Established,Prepared Food
802,2013-03-03,1,30318,1,117.19,0.0,0.0,971,Established,Grocery
803,2013-03-03,1,32041,1,142.12,0.0,0.0,5256,Established,Prepared Food
804,2013-03-03,1,53524,5,445.25,-372.23,-89.05,89,Established,Grocery
805,2013-03-03,1,57921,1,59.49,-11.75,0.0,487,Established,Grocery
806,2013-03-03,1,58644,2,241.5,-21.37,-35.62,914,Established,Grocery
807,2013-03-03,1,58644,2,241.5,-21.37,-35.62,914,Established,Grocery
808,2013-03-03,1,64582,1,73.02,-24.58,-19.59,141,Established,Grocery
809,2013-03-12,1,5126,1,95.82,0.0,0.0,119,Established,Grocery
810,2013-03-12,1,5661,1,89.05,-35.26,0.0,56,Local,Grocery
811,2013-03-12,1,5794,1,106.5,0.0,0.0,1134,Established,Grocery
812,2013-03-12,1,6105,1,63.76,0.0,0.0,56,Local,Pharmaceutical
813,2013-03-12,1,7875,2,114.7,-12.82,0.0,1981,Established,Pharmaceutical
814,2013-03-12,1,8292,1,38.83,-7.12,0.0,369,Established,Grocery
815,2013-03-12,1,8307,1,89.05,-17.45,0.0,141,Established,Grocery
816,2013-03-12,1,8633,1,106.5,-3.56,0.0,782,Established,Grocery
817,2013-03-12,1,10443,2,177.39,0.0,0.0,1000,Established,Grocery
818,2013-03-12,1,10446,1,95.82,0.0,0.0,522,Established,"Dairy, Juices & Snacks"
819,2013-03-12,1,10996,1,35.26,-14.25,0.0,56,Local,Grocery
820,2013-03-12,1,11917,1,45.95,0.0,0.0,11,Local,Grocery
821,2013-03-12,1,12819,1,81.57,0.0,0.0,1246,Established,Grocery
822,2013-03-12,1,13259,1,55.21,-21.02,-19.59,2024,Established,Grocery
823,2013-03-12,1,16571,1,89.05,-28.14,0.0,1446,Established,Grocery
824,2013-03-12,1,16731,1,42.39,-3.56,0.0,4954,Established,Grocery
825,2013-03-12,1,17047,1,106.5,0.0,0.0,1898,Established,Packaged Meat
826,2013-03-12,1,18640,2,113.63,-113.63,0.0,989,Established,Packaged Meat
827,2013-03-12,1,18807,1,53.07,0.0,0.0,743,Established,Grocery
828,2013-03-12,1,20181,1,89.05,-10.33,0.0,278,Established,Grocery
829,2013-03-12,1,21386,1,95.82,0.0,0.0,522,Established,"Dairy, Juices & Snacks"
830,2013-03-12,1,22350,1,89.05,-10.33,0.0,278,Established,Grocery
831,2013-03-12,1,22892,1,195.91,-45.95,-35.62,57,Established,Pharmaceutical
832,2013-03-12,1,26901,1,89.05,-102.94,0.0,501,Established,Grocery
833,2013-03-12,1,27711,1,110.07,0.0,0.0,1124,Established,Grocery
834,2013-03-12,1,28276,1,70.88,0.0,0.0,303,Established,Pharmaceutical
835,2013-03-12,1,32142,1,95.82,0.0,0.0,141,Established,Grocery
836,2013-03-12,1,32201,1,124.31,0.0,0.0,56,Local,Prepared Food
837,2013-03-12,1,32685,1,71.24,-21.02,0.0,2024,Established,Grocery
838,2013-03-12,1,32909,2,106.5,-106.5,0.0,989,Established,Packaged Meat
839,2013-03-12,1,50891,1,99.38,0.0,0.0,714,Established,Grocery
840,2013-03-12,1,53719,2,142.48,-77.65,0.0,971,Established,Grocery
841,2013-03-12,1,54223,1,231.17,0.0,0.0,1342,Established,Pharmaceutical
842,2013-03-12,1,56179,1,120.75,-10.69,0.0,1075,Established,Grocery
843,2013-03-12,1,59842,1,71.24,-35.26,0.0,1475,Established,Natural Products
844,2013-03-12,1,61345,1,240.08,-71.24,-26.71,914,Established,Grocery
845,2013-03-12,1,63118,1,106.5,0.0,0.0,1025,Established,Grocery
846,2013-03-12,1,64571,1,53.07,0.0,0.0,986,Established,Grocery
847,2013-03-12,1,69209,1,58.77,-13.89,-12.47,147,Established,Grocery
848,2013-03-12,1,71130,1,70.88,0.0,0.0,548,Established,Grocery
849,2013-03-28,1,8307,2,178.1,-34.91,0.0,141,Established,Grocery
850,2013-03-28,1,10446,1,95.82,0.0,0.0,522,Established,"Dairy, Juices & Snacks"
851,2013-03-28,1,10699,1,106.5,0.0,0.0,1074,Established,Bakery
852,2013-03-28,1,11840,1,145.69,0.0,0.0,1124,Established,Grocery
853,2013-03-28,1,16009,1,63.76,0.0,0.0,634,Established,Grocery
854,2013-03-28,1,17047,1,89.05,-17.45,0.0,1898,Established,Packaged Meat
855,2013-03-28,1,17468,1,81.57,0.0,0.0,1246,Established,Grocery
856,2013-03-28,1,22208,1,31.7,0.0,0.0,946,Established,Grocery
857,2013-03-28,1,23744,2,63.4,0.0,0.0,946,Established,Grocery
858,2013-03-28,1,26901,2,178.1,-205.88,0.0,501,Established,Grocery
859,2013-03-28,1,27535,1,135.0,0.0,0.0,56,Local,Packaged Meat
860,2013-03-28,1,28276,1,53.43,-17.45,0.0,303,Established,Pharmaceutical
861,2013-03-28,1,32142,1,95.82,0.0,0.0,141,Established,Grocery
862,2013-03-28,1,32201,1,124.31,0.0,0.0,56,Local,Prepared Food
863,2013-03-28,1,35785,1,142.12,0.0,0.0,989,Established,Packaged Meat
864,2013-03-28,1,36618,1,89.05,-6.77,0.0,1933,Established,Grocery
865,2013-03-28,1,46149,1,89.05,-17.45,0.0,1898,Established,Packaged Meat
866,2013-03-28,1,52181,1,142.12,0.0,0.0,56,Local,Prepared Food
867,2013-03-28,1,56179,1,89.05,-42.39,0.0,1075,Established,Grocery
868,2013-03-28,1,57921,1,71.24,0.0,0.0,487,Established,Grocery
869,2013-03-28,1,63118,2,106.86,0.0,0.0,1025,Established,Grocery
870,2013-03-28,1,64565,1,44.52,-19.23,0.0,946,Established,Grocery
871,2013-03-28,1,69459,2,127.52,0.0,0.0,1981,Established,Pharmaceutical
872,2013-03-28,1,71027,1,70.88,0.0,0.0,548,Established,Grocery
873,2013-04-09,1,8307,1,106.5,0.0,0.0,141,Established,Grocery
874,2013-04-09,1,9927,1,130.01,0.0,0.0,634,Established,Grocery
875,2013-04-09,1,10443,1,73.73,0.0,0.0,1000,Established,Grocery
876,2013-04-09,1,12819,1,71.24,-10.33,0.0,1246,Established,Grocery
877,2013-04-09,1,14215,1,35.62,-35.26,0.0,278,Established,Grocery
878,2013-04-09,1,15088,1,213.36,0.0,0.0,154,Established,Bakery
879,2013-04-09,1,19632,1,53.43,-24.58,0.0,278,Established,Grocery
880,2013-04-09,1,22118,1,66.97,-28.5,0.0,363,Established,Grocery
881,2013-04-09,1,23622,1,106.5,0.0,0.0,1075,Established,Grocery
882,2013-04-09,1,28276,1,53.43,-17.45,0.0,303,Established,Pharmaceutical
883,2013-04-09,1,29708,1,81.57,0.0,0.0,997,Established,Grocery
884,2013-04-09,1,32142,1,95.82,0.0,0.0,141,Established,Grocery
885,2013-04-09,1,32201,1,124.31,0.0,0.0,56,Local,Prepared Food
886,2013-04-09,1,33079,1,31.35,-18.17,0.0,56,Local,Grocery
887,2013-04-09,1,33791,1,74.45,-3.56,0.0,278,Established,Grocery
888,2013-04-09,1,34568,1,69.1,-33.84,0.0,1134,Established,Grocery
889,2013-04-09,1,35575,1,71.24,-10.33,0.0,1246,Established,Grocery
890,2013-04-09,1,36968,1,152.81,-24.93,0.0,172,Established,Grocery
891,2013-04-09,1,55856,1,106.5,0.0,0.0,450,Established,Pharmaceutical
892,2013-04-09,1,57921,1,59.49,-11.75,0.0,487,Established,Grocery
893,2013-04-09,1,59243,1,145.69,0.0,0.0,1124,Established,Grocery
894,2013-04-09,1,69459,1,63.76,0.0,0.0,1981,Established,Pharmaceutical
895,2013-04-09,1,71027,2,71.24,-70.53,0.0,548,Established,Grocery
896,2013-04-17,1,8307,1,106.5,0.0,0.0,141,Established,Grocery
897,2013-04-17,1,9193,1,142.12,0.0,0.0,278,Established,Grocery
898,2013-04-17,1,10996,1,31.35,-18.17,0.0,56,Local,Grocery
899,2013-04-17,1,11476,1,177.74,0.0,0.0,782,Established,Grocery
900,2013-04-17,1,15070,2,213.01,0.0,-35.62,1025,Established,Grocery
901,2013-04-17,1,16298,1,115.76,-3.56,-8.9,686,Established,Grocery
902,2013-04-17,1,17047,2,178.1,-34.91,0.0,1898,Established,Packaged Meat
903,2013-04-17,1,17718,1,35.62,-10.33,0.0,446,Established,Grocery
904,2013-04-17,1,18284,1,99.38,0.0,-35.62,853,Established,Grocery
905,2013-04-17,1,18308,1,31.35,-18.17,0.0,56,Local,Grocery
906,2013-04-17,1,22147,1,106.5,0.0,0.0,989,Established,Packaged Meat
907,2013-04-17,1,25381,1,52.72,-35.98,0.0,487,Established,Grocery
908,2013-04-17,1,27317,1,35.62,-6.77,0.0,160,Established,Grocery
909,2013-04-17,1,28276,1,70.88,0.0,0.0,303,Established,Pharmaceutical
910,2013-04-17,1,30775,2,77.65,0.0,0.0,248,Established,Grocery
911,2013-04-17,1,32142,1,95.82,0.0,0.0,141,Established,Grocery
912,2013-04-17,1,32260,1,97.6,0.0,-26.71,1025,Established,Grocery
913,2013-04-17,1,35785,1,126.09,0.0,-19.59,989,Established,Packaged Meat
914,2013-04-17,1,45986,1,101.16,0.0,0.0,1075,Established,Grocery
915,2013-04-17,1,49158,1,61.27,-20.3,0.0,1808,Established,Grocery
916,2013-04-17,1,50928,1,56.64,-14.6,0.0,1666,Established,Grocery
917,2013-04-17,1,56363,1,165.28,-106.86,-12.47,686,Established,Grocery
918,2013-04-17,1,56991,1,32.77,0.0,0.0,446,Established,Grocery
919,2013-04-17,1,57921,1,71.24,0.0,0.0,487,Established,Grocery
920,2013-04-26,1,8307,1,106.5,0.0,0.0,141,Established,Grocery
921,2013-04-26,1,10443,2,147.47,0.0,0.0,1000,Established,Grocery
922,2013-04-26,1,12819,1,71.24,-10.33,0.0,1246,Established,Grocery
923,2013-04-26,1,16009,1,63.76,0.0,0.0,634,Established,Grocery
924,2013-04-26,1,17468,1,71.24,-10.33,0.0,1246,Established,Grocery
925,2013-04-26,1,28276,1,70.88,0.0,0.0,303,Established,Pharmaceutical
926,2013-04-26,1,32142,1,95.82,0.0,0.0,141,Established,Grocery
927,2013-04-26,1,45986,1,101.16,0.0,0.0,1075,Established,Grocery
928,2013-04-26,1,65243,1,102.94,0.0,0.0,971,Established,Grocery
929,2013-05-03,1,7017,1,52.72,-35.98,0.0,487,Established,Grocery
930,2013-05-03,1,8307,1,106.5,0.0,0.0,141,Established,Grocery
931,2013-05-03,1,10446,1,95.82,0.0,0.0,522,Established,"Dairy, Juices & Snacks"
932,2013-05-03,1,11476,1,177.74,0.0,0.0,782,Established,Grocery
933,2013-05-03,1,14899,1,35.26,0.0,0.0,303,Established,Pharmaceutical
934,2013-05-03,1,23018,1,213.36,0.0,0.0,189,Established,Pharmaceutical
935,2013-05-03,1,30818,1,38.11,0.0,0.0,946,Established,Grocery
936,2013-05-03,1,45986,1,101.16,0.0,0.0,1075,Established,Grocery
937,2013-05-03,1,57921,1,71.24,0.0,0.0,487,Established,Grocery
938,2013-05-03,1,62762,1,167.06,0.0,0.0,771,Established,Pharmaceutical
939,2013-05-09,1,7045,1,78.01,-10.69,0.0,487,Established,Grocery
940,2013-05-09,1,8098,1,56.64,0.0,0.0,1124,Established,Grocery
941,2013-05-09,1,8307,1,106.5,0.0,0.0,141,Established,Grocery
942,2013-05-09,1,11056,1,159.93,0.0,0.0,4856,Established,Grocery
943,2013-05-09,1,11476,1,177.74,0.0,0.0,782,Established,Grocery
944,2013-05-09,1,11917,1,45.95,0.0,0.0,11,Local,Grocery
945,2013-05-09,1,12532,1,37.4,0.0,0.0,2088,Established,Pharmaceutical
946,2013-05-09,1,14054,1,41.68,0.0,0.0,360,Established,Grocery
947,2013-05-09,1,14635,1,31.7,-7.12,0.0,507,Established,Grocery
948,2013-05-09,1,16571,1,106.5,-10.69,0.0,1446,Established,Grocery
949,2013-05-09,1,18404,1,35.62,-10.33,0.0,446,Established,Grocery
950,2013-05-09,1,18807,1,40.61,0.0,0.0,743,Established,Grocery
951,2013-05-09,1,20811,1,35.62,-21.02,0.0,56,Local,Grocery
952,2013-05-09,1,22147,1,106.5,0.0,0.0,989,Established,Packaged Meat
953,2013-05-09,1,22208,1,31.7,0.0,0.0,946,Established,Grocery
954,2013-05-09,1,23744,1,31.7,0.0,0.0,946,Established,Grocery
955,2013-05-09,1,27557,2,70.53,0.0,0.0,1124,Established,Grocery
956,2013-05-09,1,28182,1,149.25,0.0,0.0,686,Established,Pharmaceutical
957,2013-05-09,1,28276,2,106.86,-34.91,0.0,303,Established,Pharmaceutical
958,2013-05-09,1,30775,2,77.65,0.0,0.0,248,Established,Grocery
959,2013-05-09,1,32201,1,89.05,-35.26,0.0,56,Local,Prepared Food
960,2013-05-09,1,33920,1,53.07,0.0,0.0,686,Established,Grocery
961,2013-05-09,1,35785,1,142.12,0.0,0.0,989,Established,Packaged Meat
962,2013-05-09,1,37001,1,81.57,0.0,0.0,823,Established,Grocery
963,2013-05-09,1,37141,1,70.88,-71.24,0.0,1996,Established,Grocery
964,2013-05-09,1,45986,1,101.16,0.0,0.0,1075,Established,Grocery
965,2013-05-09,1,53719,1,110.07,0.0,0.0,971,Established,Grocery
966,2013-05-09,1,57686,1,89.05,-35.26,0.0,56,Local,Grocery
967,2013-05-09,1,57921,1,66.97,-4.27,0.0,487,Established,Grocery
968,2013-05-09,1,57993,1,106.5,-42.74,0.0,1996,Established,Grocery
969,2013-05-09,1,58644,1,120.75,-10.69,0.0,914,Established,Grocery
970,2013-05-09,1,61345,1,281.04,-39.18,0.0,914,Established,Grocery
971,2013-05-09,1,64770,1,70.88,0.0,0.0,487,Established,Grocery
972,2013-05-09,1,65157,1,99.38,0.0,0.0,278,Established,Grocery
973,2013-05-09,1,69209,1,71.24,-13.89,0.0,147,Established,Grocery
974,2013-05-15,1,45986,1,101.16,0.0,0.0,1075,Established,Grocery
975,2013-05-17,1,33844,1,35.62,-35.26,0.0,56,Local,Prepared Food
976,2013-05-17,1,73158,1,106.5,0.0,0.0,1025,Established,Grocery
977,2013-05-21,1,6075,1,142.12,0.0,0.0,989,Established,Packaged Meat
978,2013-05-21,1,8307,1,99.38,-7.12,0.0,141,Established,Grocery
979,2013-05-21,1,8853,1,248.98,0.0,0.0,154,Established,Bakery
980,2013-05-21,1,9281,3,53.43,0.0,0.0,1,Established,Bakery
981,2013-05-21,1,10443,1,73.73,0.0,0.0,1000,Established,Grocery
982,2013-05-21,1,10446,1,95.82,0.0,0.0,522,Established,"Dairy, Juices & Snacks"
983,2013-05-21,1,11476,1,177.74,0.0,0.0,782,Established,Grocery
984,2013-05-21,1,17047,2,178.1,-34.91,0.0,1898,Established,Packaged Meat
985,2013-05-21,1,50928,1,60.2,-11.04,0.0,1666,Established,Grocery
986,2013-05-21,1,57921,1,71.24,0.0,0.0,487,Established,Grocery
987,2013-05-21,1,71648,1,89.05,-53.07,0.0,1061,Established,Grocery
988,2013-05-21,1,73248,1,38.11,0.0,0.0,946,Established,Grocery
989,2013-05-31,1,8307,1,99.38,-7.12,0.0,141,Established,Grocery
990,2013-05-31,1,10446,1,95.82,0.0,0.0,522,Established,"Dairy, Juices & Snacks"
991,2013-05-31,1,12819,1,81.57,0.0,0.0,1246,Established,Grocery
992,2013-05-31,1,16009,1,63.76,0.0,0.0,634,Established,Grocery
993,2013-05-31,1,17825,1,31.7,0.0,0.0,56,Local,Grocery
994,2013-05-31,1,22600,1,71.24,-10.33,0.0,1933,Established,Grocery
995,2013-05-31,1,29420,1,81.57,0.0,0.0,914,Established,Grocery
996,2013-05-31,1,30318,1,117.19,0.0,0.0,971,Established,Grocery
997,2013-05-31,1,31580,1,88.69,0.0,0.0,997,Established,Grocery
998,2013-05-31,1,32010,1,71.24,-10.33,0.0,1933,Established,Grocery
999,2013-05-31,1,32201,1,124.31,0.0,0.0,56,Local,Prepared Food
1000,2013-05-31,1,35418,1,89.05,-27.43,0.0,1897,Established,Grocery
1001,2013-05-31,1,35575,1,81.57,0.0,0.0,1246,Established,Grocery
1002,2013-05-31,1,46149,1,89.05,-13.89,0.0,1898,Established,Packaged Meat
1003,2013-05-31,1,53719,1,102.94,-7.12,0.0,971,Established,Grocery
1004,2013-05-31,1,57008,1,89.05,-13.89,0.0,971,Established,Grocery
1005,2013-06-19,1,14120,1,35.62,-10.33,0.0,782,Established,Grocery
1006,2013-06-19,1,32201,1,124.31,0.0,0.0,56,Local,Prepared Food
1007,2013-06-19,1,35785,1,142.12,0.0,0.0,989,Established,Packaged Meat
1008,2013-06-19,1,45986,1,95.82,-5.34,0.0,1075,Established,Grocery
1009,2013-06-19,1,51145,1,124.31,0.0,0.0,56,Local,Prepared Food
1010,2013-06-19,1,57993,1,106.5,-42.74,0.0,1996,Established,Grocery
1011,2013-06-20,1,4315,1,201.97,0.0,0.0,2902,Established,Pharmaceutical
1012,2013-06-21,1,57921,1,71.24,0.0,0.0,487,Established,Grocery
1013,2013-06-22,1,30222,1,237.59,0.0,0.0,2907,Established,Pharmaceutical
1014,2013-06-24,1,5126,1,95.82,0.0,0.0,119,Established,Grocery
1015,2013-06-24,1,5906,1,111.49,0.0,0.0,3879,Established,Grocery
1016,2013-06-24,1,7017,1,56.28,-32.41,0.0,487,Established,Grocery
1017,2013-06-24,1,8307,1,99.38,-7.12,0.0,141,Established,Grocery
1018,2013-06-24,1,10996,1,35.26,-14.25,0.0,56,Local,Grocery
1019,2013-06-24,1,11476,1,177.74,0.0,0.0,782,Established,Grocery
1020,2013-06-24,1,12549,1,88.69,0.0,0.0,997,Established,Grocery
1021,2013-06-24,1,12819,1,81.57,0.0,0.0,1246,Established,Grocery
1022,2013-06-24,1,13174,1,35.26,0.0,0.0,602,Established,Natural Products
1023,2013-06-24,1,16571,1,106.5,-10.69,0.0,1446,Established,Grocery
1024,2013-06-24,1,17047,1,106.5,0.0,0.0,1898,Established,Packaged Meat
1025,2013-06-24,1,18449,1,71.24,-21.02,0.0,4299,Established,Pharmaceutical
1026,2013-06-24,1,20231,1,89.05,-35.26,0.0,1065,Established,Grocery
1027,2013-06-24,1,21041,1,113.63,0.0,0.0,56,Local,Grocery
1028,2013-06-24,1,22208,1,31.7,0.0,0.0,946,Established,Grocery
1029,2013-06-24,1,24285,1,78.01,0.0,0.0,115,Established,Grocery
1030,2013-06-24,1,25721,1,67.32,-64.12,0.0,278,Established,Grocery
1031,2013-06-24,1,28276,1,70.88,0.0,0.0,303,Established,Pharmaceutical
1032,2013-06-24,1,28590,1,71.24,-70.88,0.0,56,Local,Bakery
1033,2013-06-24,1,31074,2,106.86,-34.91,0.0,2282,Established,Grocery
1034,2013-06-24,1,35636,1,124.31,0.0,0.0,644,Established,Pharmaceutical
1035,2013-06-24,1,45526,1,92.26,0.0,0.0,1198,Established,Prepared Food
1036,2013-06-24,1,46149,1,106.5,0.0,0.0,1898,Established,Packaged Meat
1037,2013-06-24,1,52350,1,106.5,-64.12,0.0,56,Local,Grocery
1038,2013-06-24,1,57921,1,71.24,0.0,0.0,487,Established,Grocery
1039,2013-06-24,1,58644,1,106.5,-24.93,0.0,914,Established,Grocery
1040,2013-06-24,1,61345,1,284.6,-35.62,0.0,914,Established,Grocery
1041,2013-06-24,1,62728,2,124.67,-53.43,0.0,771,Established,Pharmaceutical
1042,2013-06-24,1,65156,1,89.05,-10.33,0.0,278,Established,Grocery
1043,2013-06-24,1,69209,1,71.24,-13.89,0.0,147,Established,Grocery
1044,2013-06-24,1,73348,1,106.5,0.0,0.0,771,Established,Pharmaceutical
1045,2013-06-30,1,8307,1,99.38,-7.12,0.0,141,Established,Grocery
1046,2013-06-30,1,30249,1,70.88,0.0,0.0,278,Established,Grocery
1047,2013-06-30,1,45986,1,95.82,-5.34,0.0,1075,Established,Grocery
